interaction_title	interaction_id	interaction_type	feature	category_key	feature_id	status	summary	related_region	menu	shortcut
Quit Voyager	FMW-001-quit_voyager	command	Control File Manager Window	FMW	FMW-001	배포 완료	앱을 종료	file_manager_window	voyager_menu	⌘Q
Open New File Manager Window	FMW-001-open_new_file_manager_window	command	Control File Manager Window	FMW	FMW-001	배포 완료	현재 사용 중인 데스크탑에서 새 File Manager 창을 생성해 새로운 세션을 시작	file_manager_window	file_menu	⌘N
Close File Manager Window	FMW-001-close_file_manager_window	command	Control File Manager Window	FMW	FMW-001	배포 완료	해당 File Manager 창을 닫음	file_manager_window	file_menu	⌘⇧W
Enter Full Screen for File Manager Window	FMW-001-enter_full_screen_for_file_manager_window	command	Control File Manager Window	FMW	FMW-001	배포 완료	해당 File Manager 창을 전체 화면으로 전환	file_manager_window	view_menu	⌘⌃F
Exit Full Screen for File Manager Window	FMW-001-exit_full_screen_for_file_manager_window	command	Control File Manager Window	FMW	FMW-001	배포 완료	전체 화면 모드의 해당 File Manager 창을 원래 창 크기로 되돌림	file_manager_window	view_menu	⌘⌃F; ESC
Minimize File Manager Window	FMW-001-minimize_file_manager_window	command	Control File Manager Window	FMW	FMW-001	배포 완료	해당 File Manager 창을 macOS Dock으로 최소화	file_manager_window	window_menu	⌘M
Keep File Manager Window on Top	FMW-001-keep_file_manager_window_on_top	command	Control File Manager Window	FMW	FMW-001	준비 완료	File Manager 창을 다른 앱보다 항상 위로 고정	file_manager_window	window_menu	-
Adjust File Manager Window Size	FMW-001-adjust_file_manager_window_size	input	Control File Manager Window	FMW	FMW-001	배포 완료	File Manager 창의 Width/Hegith를 최소-최대 범위 내에서 조정	file_manager_window	-	-
Show Sidebar	FMW-002-show_sidebar	command	Manage File Manager Window Panes	FMW	FMW-002	배포 완료	Sidebar를 File Manager의 좌측 영역에 고정되게 표시	file_manager_window.sidebar	view_menu	⌘⌃S
Hide Sidebar	FMW-002-hide_sidebar	command	Manage File Manager Window Panes	FMW	FMW-002	배포 완료	Sidebar를 File Manager에서 보이지 않게 숨김	file_manager_window.sidebar	view_menu	⌘⌃S
Adjust Sidebar Width	FMW-002-adjust_sidebar_width	input	Manage File Manager Window Panes	FMW	FMW-002	배포 완료	Sidebar의 Width를 최소-최대 범위 내에서 조정	file_manager_window.sidebar	-	-
Draw Hidden Sidebar	FMW-002-draw_hidden_sidebar	command	Manage File Manager Window Panes	FMW	FMW-002	기획 완료	숨겨진 Sidebar를 File Manager의 좌측 영역에 일시적으로 표시	file_manager_window.sidebar	-	-
Show Inspector Pane	FMW-002-show_inspector_pane	command	Manage File Manager Window Panes	FMW	FMW-002	기획 완료	Inspector Pane을 File Manager의 우측 영역에 고정되게 표시	file_manager_window.inspector_pane	view_menu	-
Hide Inspector Pane	FMW-002-hide_inspector_pane	command	Manage File Manager Window Panes	FMW	FMW-002	기획 완료	Inspector Pane을 File Manage에서 보이지 않게 숨김	file_manager_window.inspector_pane	view_menu	-
Adjust Inspector Pane Width	FMW-002-adjust_inspector_pane_width	input	Manage File Manager Window Panes	FMW	FMW-002	기획 완료	Inspector Pane의 Width를 최소-최대 범위 내에서 조정	file_manager_window.inspector_pane	-	-
Navigate Pages	EVM-001-navigate_pages	command	Navigate Pages	EVM	EVM-001	배포 완료	Content Pane에서 Entry 클릭하거나 선택해 현재 Content Tab Page를 새 Page로 전환	file_manager_window.content_pane	-	-
Go Page History Back	EVM-001-go_page_history_back	command	Navigate Pages	EVM	EVM-001	배포 완료	현재 Content Tab Page History 상 이전 Page로 전환	file_manager_window.content_pane.content_header	go_menu	⌘[
Forward Page History	EVM-001-forward_page_history	command	Navigate Pages	EVM	EVM-001	배포 완료	현재 Content Tab Page History 상 다음 Page로 전환	file_manager_window.content_pane.content_header	go_menu	⌘]
Show Page History	EVM-001-show_page_history	command	Navigate Pages	EVM	EVM-001	배포 완료	현재 Content Tab의 페이지 히스토리를 드랍다운 리스트로 표시	file_manager_window.content_pane.content_header	-	-
Go to Enclosing Directory	EVM-001-go_to_enclosing_directory	command	Navigate Pages	EVM	EVM-001	배포 완료	현재 Page가 표시하는 디렉토리의 상위 디렉토리로 이동	file_manager_window.content_pane	-	⌘▲
View Current Page Title	EVM-001-view_current_page_title	display	Navigate Pages	EVM	EVM-001	배포 완료	현재 Page의 제목을 표시	file_manager_window.content_pane.content_header	-	-
Reload Directory Page on External Change	EVM-001-reload_directory_page_on_external_change	background	Navigate Pages	EVM	EVM-001	기획 완료	외부 파일시스템 변경이 발생했을 때 현재 디렉토리 페이지를 다시 불러와 최신 엔트리 목록 상태를 반영	file_manager_window.content_pane.page_container.page_mode_directory	-	-
Set Entries View as List	EVM-002-set_entries_view_as_list_table	command	Configure Entries View	EVM	EVM-002	배포 완료	Entries View를 리스트 레이아웃으로 전환하고, 리스트 열 구성 설정에 따라 컬럼 순서와 표시를 반영	file_manager_window.content_pane	view_menu	-
Set Entries View as Icon	EVM-002-set_entries_view_as_icon_grid	command	Configure Entries View	EVM	EVM-002	배포 완료	Entries View를 아이콘 레이아웃으로 전환해 동일한 Entry 데이터를 시각적으로 표시	file_manager_window.content_pane	view_menu	-
Set Entries View as Column	EVM-002-set_entries_view_as_column	command	Configure Entries View	EVM	EVM-002	드래프트	Entries View를  왼쪽에서 오른쪽으로 상위 디렉토리에서 하위 디렉토리로 내려가는 3개의 세로 열로 구획된 레이아웃으로 전환	file_manager_window.content_pane	view_menu	-
Set Entries View as Graph	EVM-002-set_entries_view_as_graph	command	Configure Entries View	EVM	EVM-002	드래프트	Entries View를 각 Entry 간 관계를 노드와 엣지 구조로 표현하는 레이아웃으로 전환	file_manager_window.content_pane	view_menu	-
Group Entries by Property	EVM-002-group_entries_by_property	command	Configure Entries View	EVM	EVM-002	배포 완료	Entries View에서 선택한 Property 값으로 Entries를 그룹화해 섹션 헤더 아래에 표시하며, 그룹 라벨·색상은 동일한 규칙에 따라 표현	file_manager_window.content_pane	view_menu	-
Sort Entrires by Property	EVM-002-sort_entrires_by_property	command	Configure Entries View	EVM	EVM-002	배포 완료	Entries View에서 선택한 Property를 기준으로 Entries 표시 순서를 정렬함	file_manager_window.content_pane	view_menu	-
Show/Hide Hidden Entry	EVM-002-show_hide_hidden_entry	command	Configure Entries View	EVM	EVM-002	배포 완료	Entries View에서 숨김 설정된 Entry의 Entry 목록 상에 보이게 하거나, 보이지 않도록 토글	file_manager_window.content_pane	view_menu	⌘⇧.
Customize List View Column	EVM-002-customize_list_view_column	input	Configure Entries View	EVM	EVM-002	준비 완료	List View에서 리스트 열 구성의 표시 여부와 순서를 설정	file_manager_window.content_pane	-	-
View Entry Counts in Current Page	EVM-002-view_entry_counts_in_current_page	display	Configure Entries View	EVM	EVM-002	배포 완료	현재 Page에 존재하는 Entry의 총 개수를 표시	file_manager_window.content_pane	-	-
Show Selected Entry Counts	EVM-002-show_selected_entry_counts	display	Configure Entries View	EVM	EVM-002	배포 완료	현재 Page에서 선택된 Entry의 개수를 표시함	file_manager_window.content_pane	-	-
Update Entry Selection	EVM-002-update_entry_selection	input	Configure Entries View	EVM	EVM-002	드래프트	선택된 Entry 집합을 갱신	-	-	-
Split Content Pane Vertically/Horizontally	EVM-003-split_content_pane_vertically_horizontally	command	Split Content Pane	EVM	EVM-003	기획 완료	<<AI>> 현재 Content Pane을 수직 또는 수평으로 분할하여 두 개의 독립 뷰를 동시에 표시합니다	file_manager_window.content_pane	-	-
Convert Split Pane Orientation	EVM-003-convert_split_pane_orientation	command	Split Content Pane	EVM	EVM-003	기획 완료	<<AI>> 기존 분할된 Content Pane의 방향을 수직↔수평으로 전환합니다.	file_manager_window.content_pane	-	-
Seprated Splited Content Pane	EVM-003-seprated_splited_content_pane	command	Split Content Pane	EVM	EVM-003	기획 완료	<<AI>> 두 분할 Pane의 세션/네비게이션을 분리하여 서로 다른 페이지/경로를 독립적으로 탐색합니다.	file_manager_window.content_pane	-	-
Adjust Splited Content Pane Size	EVM-003-adjust_splited_content_pane_size	input	Split Content Pane	EVM	EVM-003	기획 완료	<<AI>> 분할된 Pane 사이의 디바이더를 드래그해 각 Pane의 크기를 조절합니다.	file_manager_window.content_pane	-	-
Switch Focus between Split Panes	EVM-003-switch_focus_between_split_panes	command	Split Content Pane	EVM	EVM-003	기획 완료	<<AI>> 키보드 포커스를 좌/우(또는 상/하) Pane 사이에서 전환합니다.	file_manager_window.content_pane	-	-
Open Entry with Default App	EAC-001-open_entry_with_default_app	command	Execute Entry	EAC	EAC-001	배포 완료	해당 Entry를 기본 앱으로 실행	file_manager_window.content_pane.page_container.page_mode_directory	file_menu	⌘▼
Open Entry with Selected App	EAC-001-open_entry_with_selected_app	command	Execute Entry	EAC	EAC-001	배포 완료	선택한 Entry를 사용자가 지정한 앱으로 실행	file_manager_window.content_pane.page_container.page_mode_directory	file_menu	⌥⌘▼
Set Default App for Entry	EAC-001-set_default_app_for_entry	command	Execute Entry	EAC	EAC-001	배포 완료	선택한 Entry의 파일 유형에 대해 기본 실행 앱을 설정	file_manager_window.content_pane.page_container.page_mode_directory	file_menu	-
Quick Look Entry	EAC-001-quick_look_entry	command	Execute Entry	EAC	EAC-001	배포 완료	선택한 Entry의 내용을 볼 수 있는 Quick Look을 실행	file_manager_window.content_pane.page_container.page_mode_directory	view_menu	Space, ⌘Y
Create New Folder	EAC-002-create_new_folder	command	Organize Entries	EAC	EAC-002	배포 완료	현재 디렉토리에 새 폴더를 생성하고 곧바로 이름 편집 모드로 진입	file_manager_window.content_pane.page_container.page_mode_directory	file_menu	⌘⇧N
Copy Entry(ies)	EAC-002-copy_entry_ies	command	Organize Entries	EAC	EAC-002	배포 완료	선택한 Entry를 클립보드에 복사	file_manager_window.content_pane.page_container.page_mode_directory	edit_menu	⌘C
Cut Entry(ies)	EAC-002-cut_entry_ies	command	Organize Entries	EAC	EAC-002	배포 완료	선택한 Entry를 이동을 위한 잘라내기 상태로 클립보드에 저장	file_manager_window.content_pane.page_container.page_mode_directory	edit_menu	⌘X
Paste Entry(ies)	EAC-002-paste_entry_ies	command	Organize Entries	EAC	EAC-002	배포 완료	클립보드에 저장된 Entry를 현재 디렉토리에 붙여넣기	file_manager_window.content_pane.page_container.page_mode_directory	edit_menu	⌘V
Duplicate Entry(ies)	EAC-002-duplicate_entry_ies	command	Organize Entries	EAC	EAC-002	배포 완료	선택한 Entry의 복제본을 동일 위치에 생성	file_manager_window.content_pane.page_container.page_mode_directory	file_menu	⌘D
Move Entry(ies)	EAC-002-move_entry_ies	command	Organize Entries	EAC	EAC-002	배포 완료	선택한 Entry를 지정한 대상 디렉토리로 이동	file_manager_window.content_pane.page_container.page_mode_directory	file_menu	-
Create Entry Alias	EAC-002-create_entry_alias	command	Organize Entries	EAC	EAC-002	배포 완료	선택한 Entry에 대한 Alias(바로가기)를 생성	file_manager_window.content_pane.page_container.page_mode_directory	file_menu	⌃⌘A
Compress Entry(ies)	EAC-002-compress_entry_ies	command	Organize Entries	EAC	EAC-002	배포 완료	선택한 Entry를 현재 디렉토리에 하나의 압축 파일로 생성	file_manager_window.content_pane.page_container.page_mode_directory	file_menu	-
Extract Compressed File(s)	EAC-002-extract_compressed_file_s	command	Organize Entries	EAC	EAC-002	배포 완료	선택한 압축 파일을 현재 디렉토리 또는 지정한 위치로 해제	file_manager_window.content_pane.page_container.page_mode_directory	file_menu	-
Move Entry(ies) to Trash	EAC-003-move_entry_ies_to_trash	command	Manage Entry Lifecycle	EAC	EAC-003	배포 완료	선택한 Entry를 휴지통으로 이동	file_manager_window.content_pane.page_container.page_mode_directory	file_menu	⌘⌫
Delete Entry(ies) Immediately	EAC-003-delete_entry_ies_immediately	command	Manage Entry Lifecycle	EAC	EAC-003	배포 완료	선택한 Entry를 휴지통을 거치지 않고 즉시 영구 삭제	file_manager_window.content_pane.page_container.page_mode_directory	file_menu	⌥⌘⌫
Put Deleted Entry(ies) Back	EAC-003-put_deleted_entry_ies_back	command	Manage Entry Lifecycle	EAC	EAC-003	취소	선택한 휴지통의 Entry를 휴지통으로 가기 이전 경로로 복원	file_manager_window.content_pane.page_container.page_mode_directory	file_menu	⌘⌫
Empty Trash	EAC-003-empty_trash	command	Manage Entry Lifecycle	EAC	EAC-003	배포 완료	휴지통에 있는 모든 Entry를 영구 삭제	file_manager_window.content_pane.page_container.page_mode_directory	file_menu	⇧⌘⌫
Undo Entry Action	EAC-003-undo_entry_action	command	Manage Entry Lifecycle	EAC	EAC-003	배포 완료	최근 수행한 Entry 관련 액션을 되돌림	file_manager_window.content_pane.page_container.page_mode_directory	edit_menu	⌘Z
Redo Entry Action	EAC-003-redo_entry_action	command	Manage Entry Lifecycle	EAC	EAC-003	배포 완료	Undo로 되돌린 최근 Entry 관련 액션을 다시 적용	file_manager_window.content_pane.page_container.page_mode_directory	edit_menu	⇧⌘Z
Rename Entry	EAC-004-rename_entry	command	Edit System Property	EAC	EAC-004	배포 완료	선택한 Entry의 이름을 편집해 변경	file_manager_window.content_pane.page_container.page_mode_directory	file_menu	Enter
Edit Entry(ies) Tags	EAC-004-edit_entry_ies_tags	command	Edit System Property	EAC	EAC-004	기획 완료	선택한 Entry의 태그(라벨/색)를 추가·제거·변경	file_manager_window.content_pane.page_container.page_mode_directory	file_menu	-
Get Entry Info	EAC-004-get_entry_info	command	Edit System Property	EAC	EAC-004	배포 완료	선택한 Entry의 상세 정보 패널을 표시	file_manager_window.content_pane.page_container.page_mode_directory	file_menu	⌘I
Change Entry Permission(s)	EAC-004-change_entry_permission_s	command	Edit System Property	EAC	EAC-004	기획 완료	선택한 Entry의 읽기·쓰기·실행 권한과 소유자/그룹을 수정	file_manager_window.content_pane.page_container.page_mode_directory	file_menu	-
Batch Rename Entries	EAC-004-batch_rename_entries	command	Edit System Property	EAC	EAC-004	준비 완료	선택한 여러 Entry의 이름에 패턴·번호 매김·문자열 치환 규칙을 적용해 일괄적으로 변경	file_manager_window.content_pane.page_container.page_mode_directory	file_menu	-
Copy Absolute Path(s) of Entry(ies)	EAC-006-copy_absolute_path_s_of_entry_ies	command	Copy Entry References	EAC	EAC-006	배포 완료	선택한 Entry의 절대 경로를 클립보드에 복사	file_manager_window.content_pane.page_container.page_mode_directory	edit_menu	⌥⌘C
Copy Releative Path(s) of Entry(ies)	EAC-006-copy_releative_path_s_of_entry_ies	command	Copy Entry References	EAC	EAC-006	취소	선택한 Entry의 현재 디렉토리를 기준으로 한 상대 경로를 클립보드에 복사	file_manager_window.content_pane.page_container.page_mode_directory	edit_menu	⌥⇧⌘C
Copy URL(s) of Entry(ies)	EAC-006-copy_urls_of_entry_ies	command	Copy Entry References	EAC	EAC-006	배포 완료	선택한 Entry의 파일 시스템 URL을 클립보드에 복사	file_manager_window.content_pane.page_container.page_mode_directory	edit_menu	⌥⌘U
<<TEMP>> Show Services	UNK-000-show_services	command	-	-	-	드래프트	-	-	-	-
<<TEMP>> Show Quick Action Menu	UNK-000-show_quick_action_menu	command	-	-	-	드래프트	-	-	-	-
<<TEMP>> Share Entry(ies) via System Share Sheet	UNK-000-share_entry_ies_via_system_share_sheet	command	-	-	-	드래프트	-	-	-	-
Run Initial Indexing	EIX-001-run_initial_indexing	background	Index Entries	EIX	EIX-001	배포 완료	온보딩 완료 후 인덱싱 대상으로 설정된 전체 워크스페이스에 대해 초기 인덱싱을 실행해 검색·추천에 사용할 기본 인덱스를 생성	-	-	-
Index New Entries	EIX-001-index_new_entries	background	Index Entries	EIX	EIX-001	배포 완료	파일 시스템에서 새로 생성·추가된 Entry를 감지해 해당 Entry에 대해 내용 기반 프로퍼티·임베딩 인덱스를 실행하고 인덱스를 생성	-	-	-
Update Index for Changed Entries	EIX-001-update_index_for_changed_entries	background	Index Entries	EIX	EIX-001	배포 완료	수정·이동·삭제된 Entry를 감지해 해당 Entry에 대해 내용 기반 프로퍼티·임베딩 인덱스를 증분 갱신하거나 제거	-	-	-
Observe External File System Changes	EIX-001-observe_external_file_system_changes	background	Index Entries	EIX	EIX-001	기획 완료	VoyagerHelper가 메인 앱 생명주기와 분리된 상태로 외부 파일시스템 변경을 지속 감지해 변경 경로 이벤트를 생성	-	-	-
Bridge External File System Changes to App	EIX-001-bridge_external_file_system_changes_to_app	background	Index Entries	EIX	EIX-001	기획 완료	Helper가 감지한 외부 파일시스템 변경 경로를 메인 앱 런타임으로 전달해 라우트별 reload 및 stale invalidation 반응을 트리거할 수 있게 함	-	-	-
Reindex All Entries	EIX-001-reindex_all_entries	background	Index Entries	EIX	EIX-001	준비 완료	워크스페이스 전체에 대해 내용 기반 프로퍼티·임베딩 인덱스를 다시 실행해 손상되었거나 오래된 인덱스를 초기화·복구	-	-	-
Show Indexing Status	EIX-002-show_indexing_status	display	Monitor Indexing Status	EIX	EIX-002	준비 완료	인덱싱 큐 길이, 진행률에 대한 엔트리 인덱싱 상태를 요약해 표시	file_manager_window.sidebar.sidebar_footer	-	-
Pause Entry Indexing	EIX-002-pause_entry_indexing	command	Monitor Indexing Status	EIX	EIX-002	준비 완료	백그라운드 엔트리 인덱싱 작업을 일시 중지하고, 이후 재개할 수 있도록 현재 인덱싱 대기 상태를 유지	file_manager_window.sidebar.sidebar_footer	-	-
Resume Entry Indexing	EIX-002-resume_entry_indexing	command	Monitor Indexing Status	EIX	EIX-002	준비 완료	일시 중지된 엔트리 인덱싱 작업을 재개	file_manager_window.sidebar.sidebar_footer	-	-
Show Indexing Failures	EIX-002-show_indexing_failures	display	Monitor Indexing Status	EIX	EIX-002	준비 완료	인덱싱 실패 항목들을 나열하고, 각 항목의 실패 단계와 오류 요약을 표시	file_manager_window.sidebar.sidebar_footer	-	-
Retry Selected Indexing Failure	EIX-002-retry_selected_indexing_failure	command	Monitor Indexing Status	EIX	EIX-002	준비 완료	선택한 인덱싱 실패 항목의 인덱싱을 재시도	file_manager_window.sidebar.sidebar_footer	-	-
Show Indexed Entries	EIX-003-show_indexed_entries	display	Configure Indexed Entries	EIX	EIX-003	준비 완료	인덱싱이 완료된 엔트리 목록을 표시	settings_window.settings_body.tab_indexing	-	-
Show Indexing Exclusion Rules	EIX-003-show_indexing_exclusion_rules	display	Configure Indexed Entries	EIX	EIX-003	준비 완료	gitignore와 같은 정규표현식 규칙 기반으로 인덱싱에서 제외되는 경로·패턴 규칙을 표시	settings_window.settings_body.tab_indexing	-	-
Create Indexing Exclusion Rule	EIX-003-create_indexing_exclusion_rule	command	Configure Indexed Entries	EIX	EIX-003	준비 완료	인덱싱 제외 규칙을 새로 생성해 규칙 목록에 추가	settings_window.settings_body.tab_indexing	-	-
Update Indexing Exclusion Rule	EIX-003-update_indexing_exclusion_rule	command	Configure Indexed Entries	EIX	EIX-003	준비 완료	기존 인덱싱 제외 규칙을 수정해 규칙 목록에 반영	settings_window.settings_body.tab_indexing	-	-
Delete Indexing Exclusion Rule	EIX-003-delete_indexing_exclusion_rule	command	Configure Indexed Entries	EIX	EIX-003	준비 완료	선택한 인덱싱 제외 규칙을 삭제해 규칙 목록에서 제거	settings_window.settings_body.tab_indexing	-	-
Edit Indexing Exclusion Rules	EIX-003-edit_indexing_exclusion_rules	input	Configure Indexed Entries	EIX	EIX-003	취소	경로·패턴·조건 기반 인덱싱 제외 규칙을 생성·수정·삭제할 수 있는 설정 화면을 엶		-	-
Exclude Selected Entries from Indexing	EIX-003-exclude_selected_entries_from_indexing	command	Configure Indexed Entries	EIX	EIX-003	기획 완료	선택한 엔트리의 경로를 인덱싱 제외 규칙으로 추가할 수 있도록 제외 규칙 편집 화면을 열고, 선택 항목 기반 규칙 초안을 미리 채움		-	-
Index System Property	EIX-004-index_system_property	background	Index System Properties	EIX	EIX-004	취소	<<AI>> 시스템 프로퍼티 조회는 별도 인덱싱 대신 macOS Spotlight 메타데이터 인덱스를 사용	-	-	-
Index Content-based Properties	EIX-005-index_content_based_properties	background	Index Content-based Properties	EIX	EIX-005	드래프트	새로 인덱싱 대상이 되었거나 내용이 변경된 Entry에 대해 포맷에 따라 내용을 파싱해 텍스트·메타데이터 등 콘텐츠 기반 프로퍼티를 추출하고 인덱스를 갱신	-	-	-
Re-extract Content-based Properties for Selection	EIX-005-re_extract_content_based_properties_for_selection	command	Index Content-based Properties	EIX	EIX-005	드래프트	선택한 Entry 집합에 대해 포맷에 맞는 콘텐츠 프로퍼티 추출 파이프라인을 수동 실행해 자동 프로퍼티 값을 재계산·복구하고 Entry 프로퍼티로 저장	-	-	-
Extract Document Properties	EIX-006-extract_document_properties	background	Extract Document Properties	EIX	EIX-006	드래프트	문서·프레젠테이션 계열 Entry에서 문서 타입·제목·클라이언트·프로젝트·요약 등 문서 관련 자동 프로퍼티를 추출해 Entry 프로퍼티로 저장	-	-	-
Extract Code Properties	EIX-007-extract_code_properties	background	Extract Code Properties	EIX	EIX-007	드래프트	코드 Entry에서 언어·주요 모듈/엔트리포인트·프레임워크·간단 요약 등 코드 관련 자동 프로퍼티를 추출해 Entry 프로퍼티로 저장	-	-	-
Extract Sheet Properties	EIX-008-extract_sheet_properties	background	Extract Sheet Properties	EIX	EIX-008	아이디어	스프레드시트 Entry에서 시트 이름·주요 컬럼 헤더·행·열 수·간단 지표·요약 등 표 구조 기반 자동 프로퍼티를 추출해 Entry 프로퍼티로 저장	-	-	-
Extract Image Properties	EIX-009-extract_image_properties	background	Extract Image Properties	EIX	EIX-009	아이디어	이미지·스크린샷 Entry에서 UI 캡처 여부, 그래프/차트/화이트보드 여부, 캡션·설명 등 이미지 관련 자동 프로퍼티를 추출해 Entry 프로퍼티로 저장	-	-	-
Extract Audio Properties	EIX-010-extract_audio_properties	background	Extract Audio Properties	EIX	EIX-010	아이디어	오디오 Entry에서 세션 타입(회의/인터뷰/발표 등)·길이·화자 수·핵심 키포인트·요약 등 오디오 관련 자동 프로퍼티를 추출해 Entry 프로퍼티로 저장	-	-	-
Extract Video Properties	EIX-011-extract_video_properties	background	Extract Video Propeties	EIX	EIX-011	아이디어	비디오 Entry에서 화면 타입(스크린캐스트/발표/회의 등)·길이·핵심 구간 요약·주요 키워드 등 비디오 관련 자동 프로퍼티를 추출해 Entry 프로퍼티로 저장	-	-	-
Index Entry Embeddings	EIX-012-index_entry_embeddings	background	Index Entry Embeddings	EIX	EIX-012	아이디어	선택한 Entry 집합에 대해 포맷별 Embeddings 계산 파이프라인을 실행해 임베딩 벡터를 재계산하고 임베딩 인덱스를 갱신	-	-	-
Compute Document Embeddings	EIX-013-compute_document_embeddings	background	Compute Document Embeddings	EIX	EIX-013	아이디어	문서·프레젠테이션 Entry의 제목·자동 요약·키포인트 등 비정형 텍스트 프로퍼티를 입력으로 사용해 문서 의미를 표현하는 임베딩 벡터를 계산	-	-	-
Compute Code Embeddings	EIX-014-compute_code_embeddings	background	Compute Code Embeddings	EIX	EIX-014	아이디어	코드 Entry의 파일 구조·주요 심볼·주석 요약 등을 입력으로 사용해 코드 의미를 표현하는 임베딩 벡터를 계산	-	-	-
Compute Sheet Embeddings	EIX-015-compute_sheet_embeddings	background	Compute Sheet Embeddings	EIX	EIX-015	아이디어	스프레드시트 Entry의 시트 요약·주요 컬럼 설명·대표 행 예시 등을 입력으로 사용해 데이터셋 의미를 표현하는 임베딩 벡터를 계산	-	-	-
Compute Image Embeddings	EIX-016-compute_image_embeddings	background	Compute Images Embeddings	EIX	EIX-016	아이디어	이미지·스크린샷 Entry의 캡션·설명 텍스트와 시각적 특징을 입력으로 사용해 이미지 의미를 표현하는 임베딩 벡터를 계산	-	-	-
Compute Audio Embeddings	EIX-017-compute_audio_embeddings	background	Compute Audio Embeddings	EIX	EIX-017	아이디어	오디오 Entry의 전사 요약·키포인트 등을 입력으로 사용해 오디오 세션 의미를 표현하는 임베딩 벡터를 계산	-	-	-
Compute Video Embeddings	EIX-018-compute_video_embeddings	background	Compute Video Embeddings	EIX	EIX-018	아이디어	비디오 Entry의 전사 요약·키포인트와 화면 타입 정보를 입력으로 사용해 비디오 콘텐츠 의미를 표현하는 임베딩 벡터를 계산	-	-	-
Open Collection Filter Composer	RCL-001-open_collection_filter_composer	command	Define Collection Scope	RCL	RCL-001	배포 완료	Entries View 상단에서 Collection Filter Composer를 열어 현재 콜렉션의 스코프 요약, query 입력, 조건 편집 영역이 함께 보이는 shared shell 상태로 전환	file_manager_window.content_pane.content_header.collection_filter_composer	edit_menu	⌘F
Collapse Collection Filter Composer	RCL-001-collapse_collection_filter_composer	command	Define Collection Scope	RCL	RCL-001	배포 완료	Collection Filter Composer를 닫아 페이지 타이틀 바 기본 상태로 전환하며, 미저장 변경은 유지	file_manager_window.content_pane.content_header.collection_filter_composer	-	ESC
Type Collection Filter Query	RCL-004-type_collection_filter_query	input	Compose Collection Filter	RCL	RCL-004	배포 완료	필터 쿼리 텍스트필드에 쿼리를 입력해 입력값을 갱신	file_manager_window.content_pane.content_header.collection_filter_composer	-	-
Submit Collection Filter Query	RCL-004-submit_collection_filter_query	command	Compose Collection Filter	RCL	RCL-004	배포 완료	텍스트필드에 입력된 쿼리를 제출해 필터 생성 파이프라인을 시작	file_manager_window.content_pane.content_header.collection_filter_composer	-	⏎
Generate Filter Changes from Query	RCL-004-generate_filter_changes_from_query	background	Compose Collection Filter	RCL	RCL-004	배포 완료	제출된 쿼리를 해석해 현재 필터에 반영할 구조화 조건 변경안을 산출해 반환	-	-	-
Apply Generated Filter Changes	RCL-004-apply_generated_filter_changes	background	Compose Collection Filter	RCL	RCL-004	배포 완료	생성된 필터 변경안을 현재 필터 정의에 일괄 반영	file_manager_window.content_pane.content_header.collection_filter_composer	-	-
Show Query Conversion Failure Feedback	RCL-004-show_query_conversion_failure_feedback	display	Compose Collection Filter	RCL	RCL-004	기획 완료	자연어 쿼리 해석 단계에서 변환 실패가 발생했을 때 입력 흐름을 막지 않는 가벼운 실패 피드백을 표시해 반영되지 않은 이유를 이해할 수 있게 함	file_manager_window.content_pane.content_header.collection_filter_composer	-	-
Show Query Execution Failure Feedback	RCL-004-show_query_execution_failure_feedback	display	Compose Collection Filter	RCL	RCL-004	기획 완료	검색 실행 또는 Helper/XPC 계층 오류로 적용이 실패했을 때 입력 흐름을 막지 않는 가벼운 실패 피드백을 표시해 실패 원인을 구분할 수 있게 함	file_manager_window.content_pane.content_header.collection_filter_composer	-	-
Coalesce Repeated Query Failure Feedback	RCL-004-coalesce_repeated_query_failure_feedback	background	Compose Collection Filter	RCL	RCL-004	기획 완료	동일한 실패 상태가 짧은 시간 안에 반복될 때 실패 피드백을 중복 누적하지 않고 노출 정책에 따라 합치거나 갱신함	-	-	-
Generate Filter Suggestions from Query	RCL-004-generate_filter_suggestions_from_query	background	Compose Collection Filter	RCL	RCL-004	취소	제출된 쿼리를 해석해 필터 변경안을 생성하고, 기존 필터와의 매칭 결과(신규/수정/제거 제안)를 포함해 반환	-	-	-
Show Generated Filter Suggestions	RCL-004-show_generated_filter_suggestions	display	Compose Collection Filter	RCL	RCL-004	취소	생성된 제안을 필터 영역에 사용자의 후속 결정을 대기하는 ‘제안 상태’로 표시	file_manager_window.content_pane.content_header.collection_filter_composer	-	-
Apply Generated Filter Suggestion	RCL-004-apply_generated_filter_suggestion	command	Compose Collection Filter	RCL	RCL-004	취소	해당 제안 상태의 필터를 확정하여 적용하여 새로 추가하거나, 값을 수정함	file_manager_window.content_pane.content_header.collection_filter_composer	-	-
Reject Generated Filter Suggestion	RCL-004-reject_generated_filter_suggestion	command	Compose Collection Filter	RCL	RCL-004	취소	해당 제안 상태 항목을 거절하여 제안 이전 상태로 되돌리거나, 제안된 필터를 제거함	file_manager_window.content_pane.content_header.collection_filter_composer	-	-
Apply All Generated Filter Suggestions	RCL-004-apply_all_generated_filter_suggestions	command	Compose Collection Filter	RCL	RCL-004	취소	표시된 모든 제안 상태 항목을 한 번에 확정 적용	file_manager_window.content_pane.content_header.collection_filter_composer	-	⌘⌥⏎
Reject All Generated Filter Suggestions	RCL-004-reject_all_generated_filter_suggestions	command	Compose Collection Filter	RCL	RCL-004	취소	표시된 모든 제안 상태 항목을 한 번에 거절해 기존 필터 상태로 복원함	file_manager_window.content_pane.content_header.collection_filter_composer	-	⌘⌥⌫
Open Collection Scope Menu	RCL-001-open_collection_scope_menu	command	Define Collection Scope	RCL	RCL-001	배포 완료	현재 콜렉션 범위를 이해하고 편집할 수 있는 스코프 편집창을 열어 기본 후보, 검색, 범위 상태를 확인·수정할 수 있게 함	file_manager_window.content_pane.content_header.collection_filter_composer	-	-
Show Collection Scope Summary	RCL-001-show_collection_scope_summary	display	Define Collection Scope	RCL	RCL-001	기획 완료	Collection Filter Composer 안에서 현재 콜렉션 스코프를 요약해 보여주고, 기본 범위·명시적 스코프·예외 상태를 빠르게 이해할 수 있게 함	file_manager_window.content_pane.content_header.collection_filter_composer	-	-
Search Collection Scope Candidates	RCL-001-search_collection_scope_candidates	input	Define Collection Scope	RCL	RCL-001	기획 완료	스코프 편집창 안에서 폴더 후보를 검색해 기본 후보 목록에서 검색 결과 상태로 전환	file_manager_window.content_pane.content_header.collection_filter_composer	-	-
Show Collection Scope Candidate Disambiguation	RCL-001-show_collection_scope_candidate_disambiguation	display	Define Collection Scope	RCL	RCL-001	기획 완료	검색 결과에서 동명 폴더를 위치 정보와 보조 표시로 구분해 원하는 범위를 오인 없이 선택할 수 있게 함	file_manager_window.content_pane.content_header.collection_filter_composer	-	-
Add Directory To Collection Scope	RCL-001-add_directory_to_collection_scope	command	Define Collection Scope	RCL	RCL-001	배포 완료	스코프 편집창에서 명시적 범위를 추가해 현재 콜렉션의 대상 범위를 더 구체적으로 정의	file_manager_window.content_pane.content_header.collection_filter_composer	-	-
Remove Directory From Collection Scope	RCL-001-remove_directory_from_collection_scope	command	Define Collection Scope	RCL	RCL-001	배포 완료	스코프 편집창에서 명시적 범위를 제거해 현재 콜렉션의 기준 범위를 단순화하거나 root-only 상태로 복귀	file_manager_window.content_pane.content_header.collection_filter_composer	-	-
Exclude Directory From Collection Scope	RCL-001-exclude_directory_from_collection_scope	command	Define Collection Scope	RCL	RCL-001	기획 완료	현재 기준 범위 안의 특정 하위 경로를 예외로 제외해 전체 범위를 다시 고르지 않고도 범위를 좁힘	file_manager_window.content_pane.content_header.collection_filter_composer	-	-
Restore Directory To Collection Scope	RCL-001-restore_directory_to_collection_scope	command	Define Collection Scope	RCL	RCL-001	기획 완료	예외로 제외된 하위 경로를 다시 포함 상태로 복원해 현재 스코프 의미를 조정	file_manager_window.content_pane.content_header.collection_filter_composer	-	-
Toggle Collection Scope Subfolder Inclusion	RCL-001-toggle_collection_scope_subfolder_inclusion	input	Define Collection Scope	RCL	RCL-001	기획 완료	하위 폴더 자동 포함 규칙을 켜거나 꺼 현재 스코프가 어떤 범위까지 포함하는지 조정	file_manager_window.content_pane.content_header.collection_filter_composer	-	-
Show Collection Scope Exceptions	RCL-001-show_collection_scope_exceptions	display	Define Collection Scope	RCL	RCL-001	기획 완료	현재 기준 범위 아래에서 제외된 예외 목록을 인라인으로 보여줘 현재 범위 의미를 함께 이해할 수 있게 함	file_manager_window.content_pane.content_header.collection_filter_composer	-	-
Show Collection Scope Change Feedback	RCL-001-show_collection_scope_change_feedback	display	Define Collection Scope	RCL	RCL-001	기획 완료	스코프 변경 직후 무엇이 바뀌었는지 알 수 있는 변경 피드백과 최소 되돌리기 상태를 보여줌	file_manager_window.content_pane.content_header.collection_filter_composer	-	-
Add Collection Condition	RCL-005-add_collection_condition	command	Edit Collection Conditions	RCL	RCL-005	배포 완료	Collection Filter Composer에 새 컨디션을 수동으로 추가	file_manager_window.content_pane.content_header.collection_filter_composer	-	-
Change Collection Condition Property	RCL-005-change_collection_condition_property	input	Edit Collection Conditions	RCL	RCL-005	배포 완료	선택한 컨디션의 기준 프로퍼티를 다른 프로퍼티로 변경	file_manager_window.content_pane.content_header.collection_filter_composer	-	-
Change Collection Condition Operator	RCL-005-change_collection_condition_operator	input	Edit Collection Conditions	RCL	RCL-005	배포 완료	선택한 컨디션의 연산자를 다른 연산자로 변경	file_manager_window.content_pane.content_header.collection_filter_composer	-	-
Change Collection Condition Value	RCL-005-change_collection_condition_value	input	Edit Collection Conditions	RCL	RCL-005	배포 완료	선택한 컨디션의 비교 값 또는 범위를 편집해 해당 조건이 만족하는 엔트리 집합을 조정	file_manager_window.content_pane.content_header.collection_filter_composer	-	-
Delete Collection Condition	RCL-005-delete_collection_condition	command	Edit Collection Conditions	RCL	RCL-005	배포 완료	선택한 컨디션을 필터에서 제거	file_manager_window.content_pane.content_header.collection_filter_composer	-	⌫
Undo Collection Filter Changes	RCL-001-undo_collection_filter_changes	command	Define Collection Scope	RCL	RCL-001	배포 완료	최근 수행한 필터 또는 스코프 편집 변경을 한 단계 되돌려 이전 상태로 복원	file_manager_window.content_pane.content_header.collection_filter_composer	-	⌘Z
Redo Collection Filter Changes	RCL-001-redo_collection_filter_changes	command	Define Collection Scope	RCL	RCL-001	배포 완료	되돌린 필터 편집 작업을 한 단계 다시 적용해 되돌리기 전으로 복원	file_manager_window.content_pane.content_header.collection_filter_composer	-	⌘⇧Z
Open Saved Collection	RCL-002-open_saved_collection	command	Manage Retrieval Collections	RCL	RCL-002	기획 완료	저장된 콜렉션을 선택해 해당 콜렉션 페이지를 열고 복원 흐름을 시작	file_manager_window.content_pane.page_container.page_mode_collection	-	-
Restore Saved Collection Snapshot	RCL-002-restore_saved_collection_snapshot	background	Manage Retrieval Collections	RCL	RCL-002	기획 완료	저장된 콜렉션을 다시 열 때 마지막 결과 snapshot과 정의 메타데이터를 먼저 복원해 즉시 확인 가능한 초기 상태를 구성	file_manager_window.content_pane.page_container.page_mode_collection	-	-
Show Restored Collection Snapshot	RCL-002-show_restored_collection_snapshot	display	Manage Retrieval Collections	RCL	RCL-002	기획 완료	저장된 콜렉션을 다시 열 때 복원된 snapshot 결과를 먼저 표시해 이후 필요한 경우에만 refresh가 이어질 수 있게 함	file_manager_window.content_pane.page_container.page_mode_collection	-	-
Save Current Filter As New Collection	RCL-002-save_current_filter_as_new_collection	command	Manage Retrieval Collections	RCL	RCL-002	배포 완료	현재 필터 정의를 가진 새 콜렉션 파일을 생성해 로컬 스토리지에 저장	file_manager_window.content_pane.content_header.page_menu_area	file_menu	⌘⇧S
Indicate Unsaved Collection Filter Changes	RCL-002-indicate_unsaved_collection_filter_changes	display	Manage Retrieval Collections	RCL	RCL-002	배포 완료	저장되지 않은 필터 변경 상태를 알리는 표시를 타이틀 바에 나타냄	file_manager_window.content_pane.content_header.page_info_area	-	-
Discard Collection Filter Changes	RCL-002-discard_collection_filter_changes	command	Manage Retrieval Collections	RCL	RCL-002	배포 완료	미저장 필터 변경 사항을 폐기하고 마지막 저장본의 필터 정의로 되돌림	file_manager_window.content_pane.content_header.collection_filter_composer	file_menu	-
Save Collection Filter Changes	RCL-002-save_collection_filter_changes	command	Manage Retrieval Collections	RCL	RCL-002	배포 완료	현재 콜렉션 파일에 필터 변경 사항을 저장해 정의를 갱신	file_manager_window.content_pane.content_header.page_menu_area	file_menu	⌘⌥S
Rename Collection	RCL-002-rename_collection	input	Manage Retrieval Collections	RCL	RCL-002	배포 완료	현재 보고 있는 콜렉션의 파일 이름을 변경	file_manager_window.content_pane.content_header.page_menu_area	-	-
Delete Collection	RCL-002-delete_collection	command	Manage Retrieval Collections	RCL	RCL-002	배포 완료	현재 보고 있는 콜렉션 파일을 삭제하고 닫음	file_manager_window.content_pane.content_header.page_menu_area	file_menu	-
Alert Unsasved Collection Filter Changes	RCL-002-alert_unsasved_collection_filter_changes	display	Manage Retrieval Collections	RCL	RCL-002	배포 완료	미저장 필터 변경 사항이 존재하는 경우 페이지를 벗어날 때 경고창을 띄움	-	-	-
Import Smart Folder as Collection	RCL-002-import_smart_folder_as_collection	command	Manage Retrieval Collections	RCL	RCL-002	아이디어	Finder Smart Folder 조건을 파싱해 콜렉션 파일로 생성	settings_window	-	-
Execute Filtered Collection Retrieval	RCL-003-execute_filtered_collection_retrieval	background	Retrieve Entries with Filters	RCL	RCL-003	배포 완료	현재 설정된 필터를 기준으로 엔트리 검색을 자동 실행해 결과 목록을 계산하고 결과를 반환	-	-	-
Update Collection Results On Filter Change	RCL-003-update_collection_results_on_filter_change	background	Retrieve Entries with Filters	RCL	RCL-003	배포 완료	필터 정의가 변경될 때 해당 필터로 엔트리 검색을 자동 실행해 결과 목록을 백그라운드에서 갱신	-	-	-
Apply Deterministic Filters	RCL-003-apply_deterministic_filters	background	Retrieve Entries with Filters	RCL	RCL-003	배포 완료	콜렉션 스코프와 시스템·커스텀 프로퍼티 조건을 결정론적으로 평가해 후보 entry 집합을 산출하고, 조건 불일치 entry를 제외	-	-	-
Refresh Collection Results	RCL-003-refresh_collection_results	command	Retrieve Entries with Filters	RCL	RCL-003	배포 완료	현재 설정된 필터를 기준으로 엔트리 검색을 수동 실행해 최신 결과 목록으로 갱신	-	-	-
Mark Collection Results as Stale	RCL-003-mark_collection_results_as_stale	background	Retrieve Entries with Filters	RCL	RCL-003	기획 완료	파일시스템 변경 등으로 현재 결과의 최신성이 깨졌을 때 콜렉션 결과를 stale 상태로 전환해 후속 refresh 필요를 기록	-	-	-
Indicate Collection Results Staleness	RCL-003-indicate_collection_results_staleness	display	Retrieve Entries with Filters	RCL	RCL-003	아이디어	현재 콜렉션 결과가 stale 상태일 때 collection title affordance 영역에 상태를 표시해 사용자가 최신성이 보장되지 않음을 인지할 수 있게 함	file_manager_window.content_pane.content_header	-	-
Request Collection Results Refresh	RCL-003-request_collection_results_refresh	command	Retrieve Entries with Filters	RCL	RCL-003	아이디어	stale 상태를 알리는 affordance에서 사용자가 직접 결과 refresh를 요청	file_manager_window.content_pane.content_header	-	-
Refresh Stale Collection Results on Reopen	RCL-003-refresh_stale_collection_results_on_reopen	background	Retrieve Entries with Filters	RCL	RCL-003	기획 완료	stale 상태의 저장된 콜렉션을 다시 열 때 복원된 snapshot을 먼저 보여준 뒤 필요한 경우에만 결과를 재계산해 갱신	-	-	-
Invalidate Closed Collection Staleness on External Change	RCL-003-invalidate_closed_collection_staleness_on_external_change	background	Retrieve Entries with Filters	RCL	RCL-003	기획 완료	닫혀 있는 콜렉션도 스코프 아래 경로에 외부 변경이 발생하면 stale 기록을 무효화해 다음 reopen 시 최신성 판단이 가능하게 함	-	-	-
Mark Open Collection as Stale on External Change	RCL-003-mark_open_collection_as_stale_on_external_change	background	Retrieve Entries with Filters	RCL	RCL-003	기획 완료	열려 있는 콜렉션에서 외부 변경이 발생하면 즉시 재검색하지 않고 현재 결과를 stale 상태로 표시해 후속 refresh 정책을 유지	file_manager_window.content_pane.page_container.page_mode_collection	-	-
Evaluate Text Query Condition Lexically	RCL-003-evaluate_text_query_condition_lexically	background	Retrieve Entries with Filters	RCL	RCL-003	아이디어	텍스트 쿼리 컨디션을 대상으로 키워드 매칭∙스코어링으로 평가해 키워드 매칭 신호를 생성	-	-	-
Evaluate Text Query Condition Semantically	RCL-003-evaluate_text_query_condition_semantically	background	Retrieve Entries with Filters	RCL	RCL-003	아이디어	텍스트 쿼리 컨디션을 대상으로 임베딩 유사도로 평가해 의미적 유사도 신호를 생성	-	-	-
Combine Hybrid Scores	RCL-003-combine_hybrid_scores	background	Retrieve Entries with Filters	RCL	RCL-003	아이디어	키워드 매칭 신호와 의미적 유사도 신호를 가중 결합해 최종 관련도 스코어를 산출	-	-	-
Rank Entries by Relevance	RCL-003-rank_entries_by_relevance	background	Retrieve Entries with Filters	RCL	RCL-003	아이디어	최종 관련도 스코어 기준으로 결과 엔트리를 정렬하고, 동점 시 안정적인 동점 처리 규칙으로 일관된 순서를 보장	-	-	-
Open Contextual Chat	CBW-001-open_contextual_chat	command	Manage Chat Request Lifecycle	CBW	CBW-001	기획 완료	현재 페이지 또는 선택 맥락을 초기 request context로 반영하기 위해 Inspector Pane을 열고 Chat Mode로 전환한 뒤 요청 입력 준비 상태를 연다.	file_manager_window.inspector_pane.inspector_mode_chat	-	⌘L
Submit Chat Request	CBW-001-submit_chat_request	command	Manage Chat Request Lifecycle	CBW	CBW-001	기획 완료	Chat Field에 입력한 메시지와 현재 요청 컨텍스트를 기준으로 새 chat request 실행을 시작한다.	file_manager_window.inspector_pane.inspector_mode_chat.chat_field	-	Enter
Show Request Processing State	CBW-001-show_request_processing_state	display	Manage Chat Request Lifecycle	CBW	CBW-001	기획 완료	대상 chat request의 처리 중·완료·실패·취소 상태를 메시지 영역에 일관되게 표시하고, regenerate 이후에는 현재 유효한 request 상태만 남긴다.	file_manager_window.inspector_pane.inspector_mode_chat.message_area	-	-
Cancel Active Chat Request	CBW-001-cancel_active_chat_request	command	Manage Chat Request Lifecycle	CBW	CBW-001	기획 완료	현재 실행 중인 chat request의 응답 생성과 후속 처리를 중단하도록 요청한다.	file_manager_window.inspector_pane.inspector_mode_chat.chat_field	-	-
Regenerate Chat Response	CBW-001-regenerate_chat_response	command	Manage Chat Request Lifecycle	CBW	CBW-001	기획 완료	이전에 고정된 컨텍스트 스냅샷과 현재 활성 model selection 기준으로 대상 요청의 응답을 다시 생성하고, 이후 대화는 branch 없이 현재 흐름 기준으로 초기화한다.	file_manager_window.inspector_pane.inspector_mode_chat.message_area	-	-
Show Request Context	CBW-002-show_request_context	display	Manage Request Context	CBW	CBW-002	기획 완료	현재 요청의 현재 맥락(페이지·선택 항목)과 명시적으로 추가한 첨부 대상을 Chat Field 주변에서 분리해 표시한다.	file_manager_window.inspector_pane.inspector_mode_chat.chat_field	-	-
Add Attachment from Picker	CBW-002-add_attachment_from_picker	command	Manage Request Context	CBW	CBW-002	기획 완료	context picker를 열어 현재 요청에 포함할 파일·폴더·컬렉션 등 첨부 대상을 선택해 추가한다.	file_manager_window.inspector_pane.inspector_mode_chat.chat_field	-	-
Add Selection to Context	CBW-002-add_selection_to_context	command	Manage Request Context	CBW	CBW-002	기획 완료	현재 Content Pane의 선택 항목을 현재 요청 컨텍스트의 선택 항목으로 갱신한다.	file_manager_window.content_pane.page_container	entry_context_menu_root	-
Add Inline Attachment	CBW-002-add_inline_attachment	input	Manage Request Context	CBW	CBW-002	기획 완료	Chat Field에서 인라인 참조 입력으로 현재 요청에 포함할 첨부 대상을 검색·삽입한다.	file_manager_window.inspector_pane.inspector_mode_chat.chat_field	-	-
Remove Request Context	CBW-002-remove_request_context	command	Manage Request Context	CBW	CBW-002	기획 완료	현재 요청 컨텍스트에 포함된 특정 항목을 제거해 이후 요청 실행 입력에서 제외한다.	file_manager_window.inspector_pane.inspector_mode_chat.chat_field	-	-
Capture Request Context Snapshot	CBW-002-capture_request_context_snapshot	background	Manage Request Context	CBW	CBW-002	기획 완료	요청 제출 시점의 현재 요청 컨텍스트 범위와 항목 구성을 고정해 해당 request 전용 스냅샷을 생성한다.	-	-	-
Prepare Contextual Chat Request	CBW-003-prepare_contextual_chat_request	background	Resolve Contextual Chat Requests	CBW	CBW-003	기획 완료	현재 컨텍스트 스냅샷, 이전 대화 이력이 연결된 대화 세션, 활성 모델 선택에 따라 정해진 프로바이더 연결 정보, 요청 메시지를 결합해 현재 대화 요청의 실행 입력을 확정한다.	-	-	-
Generate Contextual Chat Response	CBW-003-generate_contextual_chat_response	background	Resolve Contextual Chat Requests	CBW	CBW-003	기획 완료	준비된 대화 요청 실행 입력을 사용해 외부 AI에 요청을 보내 응답 스트림 또는 최종 응답을 생성한다.	-	-	-
Stream Contextual Chat Response	CBW-003-stream_contextual_chat_response	display	Resolve Contextual Chat Requests	CBW	CBW-003	기획 완료	생성 중인 응답을 메시지 영역에 점진적으로 표시하고 완료 시 최종 응답으로 확정한다.	file_manager_window.inspector_pane.inspector_mode_chat.message_area	-	-
Show Request Resolution Failure	CBW-003-show_request_resolution_failure	display	Resolve Contextual Chat Requests	CBW	CBW-003	기획 완료	대화 요청 처리 또는 응답 생성이 실패하면 실패 이유와 재시도 진입점을 메시지 영역에 표시한다.	file_manager_window.inspector_pane.inspector_mode_chat.message_area	-	-
Show Active Chat Provider & Model	CBW-004-show_active_chat_provider_and_model	display	Manage Active Chat Provider & Model	CBW	CBW-004	기획 완료	Chat Field 내부의 모델 선택 드롭다운에 현재 대화에 적용 중인 활성 모델 이름을 표시한다.	file_manager_window.inspector_pane.inspector_mode_chat.chat_field	-	-
Open Chat Model Selector	CBW-004-open_chat_model_selector	command	Manage Active Chat Provider & Model	CBW	CBW-004	기획 완료	Chat Field 내부의 모델 선택 드롭다운을 열어 현재 대화에서 선택할 수 있는 모델 목록을 확인한다.	file_manager_window.inspector_pane.inspector_mode_chat.chat_field	-	-
Select Active Chat Model	CBW-004-select_active_chat_model	input	Manage Active Chat Provider & Model	CBW	CBW-004	기획 완료	현재 대화에 적용할 모델을 선택해 다음 요청부터 사용할 활성 모델을 갱신한다.	file_manager_window.inspector_pane.inspector_mode_chat.chat_field	-	-
Start Chat Conversation Session	CBW-005-start_chat_conversation_session	background	Maintain Chat Conversation Session	CBW	CBW-005	기획 완료	현재 맥락 기반 대화에 진입하거나 첫 요청을 보내기 전에 현재 대화 세션을 만들고 초기 상태를 설정한다.	-	-	-
Continue Chat Conversation Session	CBW-005-continue_chat_conversation_session	background	Maintain Chat Conversation Session	CBW	CBW-005	기획 완료	이전 turn history를 반영해 현재 대화 세션을 다음 요청까지 이어 가도록 갱신하고 최소 연속성을 유지한다.	-	-	-
Restore Chat Conversation Session	CBW-005-restore_chat_conversation_session	background	Maintain Chat Conversation Session	CBW	CBW-005	기획 완료	기존 대화로 돌아오면 직전 대화 세션과 이전 턴 히스토리를 복원하고, 복원할 수 없으면 새 대화 세션을 시작한다.	-	-	-
Add New Custom Property on Entry	CEP-001-add_new_custom_property_on_entry	command	Manage Custom Entry Properties	CEP	CEP-001	드래프트	<<AI>> 선택한 엔트리에 새 사용자 정의 프로퍼티를 추가하고 초기 값을 설정한다. 필요 시 워크스페이스 차원의 프로퍼티 스키마도 함께 생성한다.	file_manager_window.inspector_pane.inspector_mode_property	edit_menu	-
Rename Custom Property Key	CEP-001-rename_custom_property_key	input	Manage Custom Entry Properties	CEP	CEP-001	드래프트	<<AI>> 선택한 엔트리에서 사용 중인 커스텀 프로퍼티의 키 이름을 변경하고, 워크스페이스 전역에서 해당 키를 사용하는 모든 엔트리·규칙·컬렉션 정의를 함께 업데이트한다.	file_manager_window.inspector_pane.inspector_mode_property	-	-
Edit Custom Property Value	CEP-001-edit_custom_property_value	input	Manage Custom Entry Properties	CEP	CEP-001	드래프트	<<AI>> 선택한 엔트리에서 사용 중인 커스텀 프로퍼티의 라벨, 설명, 표시 옵션 등 정의 정보를 수정하고, 동일 프로퍼티를 사용하는 다른 엔트리에도 반영한다.	file_manager_window.inspector_pane.inspector_mode_property	-	-
Delete Custom Property	CEP-001-delete_custom_property	input	Manage Custom Entry Properties	CEP	CEP-001	드래프트	<<AI>> 선택한 엔트리에서 커스텀 프로퍼티를 제거하고, 필요 시 워크스페이스 차원에서 프로퍼티 스키마를 비활성화하거나 삭제하는 옵션을 제공한다.	file_manager_window.inspector_pane.inspector_mode_property	edit_menu	-
Open Custom Property Schema List	CEP-002-open_custom_property_schema_list	command	Define Custom Property Schema	CEP	CEP-002	아이디어	<<AI>> 워크스페이스에 정의된 모든 사용자 프로퍼티 스키마를 리스트로 불러와 조회·검색·필터링할 수 있는 화면을 연다.	file_manager_window.inspector_pane.inspector_mode_property	view_menu	-
Create Custom Property Schema	CEP-002-create_custom_property_schema	command	Define Custom Property Schema	CEP	CEP-002	아이디어	<<AI>> 새 사용자 정의 프로퍼티 스키마를 생성하고 이름, 키, 타입, 기본값, 표시 옵션 등을 설정한다.	file_manager_window.inspector_pane.inspector_mode_property	edit_menu	-
Edit Custom Property Schema	CEP-002-edit_custom_property_schema	input	Define Custom Property Schema	CEP	CEP-002	아이디어	<<AI>> 기존 사용자 프로퍼티 스키마의 이름, 설명, 타입, 표시 옵션 등을 수정해 워크스페이스 전역 정의를 업데이트한다.	file_manager_window.inspector_pane.inspector_mode_property	-	-
Disable Custom Property Schema	CEP-002-disable_custom_property_schema	command	Define Custom Property Schema	CEP	CEP-002	아이디어	<<AI>> 더 이상 사용하지 않을 사용자 프로퍼티 스키마를 비활성화해 신규 편집 UI에서 선택되지 않도록 숨긴다.	file_manager_window.inspector_pane.inspector_mode_property	edit_menu	-
Delete Custom Property Schema	CEP-002-delete_custom_property_schema	command	Define Custom Property Schema	CEP	CEP-002	아이디어	<<AI>> 선택한 사용자 프로퍼티 스키마를 완전히 삭제해 이후 어떤 엔트리에서도 사용할 수 없도록 한다.	file_manager_window.inspector_pane.inspector_mode_property	edit_menu	-
Analyze Custom Property Usage	CEP-002-analyze_custom_property_usage	background	Define Custom Property Schema	CEP	CEP-002	아이디어	<<AI>> 워크스페이스 전체를 스캔해 각 사용자 프로퍼티 스키마가 어디에서 얼마나 사용되는지 사용 현황을 분석한다.	-	-	-
Detect Redundant Custom Properties	CEP-002-detect_redundant_custom_properties	background	Define Custom Property Schema	CEP	CEP-002	아이디어	<<AI>> 이름·타입·사용처가 유사한 중복·유사 사용자 프로퍼티 스키마 후보를 자동으로 탐지해 정리 대상으로 제안한다.	-	-	-
Merge Custom Property Schemas	CEP-002-merge_custom_property_schemas	command	Define Custom Property Schema	CEP	CEP-002	아이디어	<<AI>> 선택한 여러 사용자 프로퍼티 스키마를 하나의 타깃 스키마로 병합하는 설정 플로우를 제공한다.	file_manager_window.inspector_pane.inspector_mode_property	edit_menu	-
Migrate Custom Property Values	CEP-002-migrate_custom_property_values	command	Define Custom Property Schema	CEP	CEP-002	아이디어	<<AI>> 병합·변경된 스키마에 맞춰 기존 엔트리의 사용자 프로퍼티 값을 자동으로 이동·정규화하는 배치 작업을 실행한다.	file_manager_window.inspector_pane.inspector_mode_property	edit_menu	-
Disable Unused Custom Property	CEP-002-disable_unused_custom_property	command	Define Custom Property Schema	CEP	CEP-002	아이디어	<<AI>> 사용량이 거의 없거나 더 이상 쓰지 않는 사용자 프로퍼티 스키마를 비활성화해 신규 엔트리에서 사용되지 않게 한다.	file_manager_window.inspector_pane.inspector_mode_property	edit_menu	-
Rollback Custom Property Migration	CEP-002-rollback_custom_property_migration	command	Define Custom Property Schema	CEP	CEP-002	아이디어	<<AI>> 직전에 실행된 프로퍼티 마이그레이션 작업을 취소하고, 영향을 받은 스키마와 값을 이전 상태로 되돌린다.	file_manager_window.inspector_pane.inspector_mode_property	edit_menu	-
Create Computed Property	CEP-003-create_computed_property	command	Computed Properties	CEP	CEP-003	아이디어	<<AI>> 다른 프로퍼티나 시스템 메타데이터를 조합해 자동 계산되는 새 Computed Property를 정의한다.	file_manager_window.inspector_pane.inspector_mode_property	edit_menu	-
Edit Computed Property Formula	CEP-003-edit_computed_property_formula	input	Computed Properties	CEP	CEP-003	아이디어	<<AI>> 기존 Computed Property의 수식을 수정해 계산 방식과 참조 프로퍼티 구성을 변경한다.	file_manager_window.inspector_pane.inspector_mode_property	-	-
Preview Computed Property Result	CEP-003-preview_computed_property_result	display	Computed Properties	CEP	CEP-003	아이디어	<<AI>> 샘플 엔트리 집합에 대해 Computed Property 수식이 어떻게 평가되는지 미리 계산해 결과를 보여준다.	file_manager_window.inspector_pane.inspector_mode_property	view_menu	-
View Computed Property Errors	CEP-003-view_computed_property_errors	display	Computed Properties	CEP	CEP-003	아이디어	<<AI>> Computed Property 계산 과정에서 발생한 오류 목록과 원인을 한 화면에서 조회한다.	file_manager_window.inspector_pane.inspector_mode_property	view_menu	-
Open New Content Tab	CTM-001-open_new_content_tab	command	Handle Content Tab	CTM	CTM-001	준비 완료	해당 File Manager 내, 새 Session Content Tab을 추가	file_manager_window.sidebar.sidebar_body.content_tabs_area	file_menu	⌘T
Close Content Tab	CTM-001-close_content_tab	command	Handle Content Tab	CTM	CTM-001	준비 완료	현재 Content Tab을 닫음	file_manager_window.sidebar.sidebar_body.content_tabs_area	file_menu	⌘W
Close Other Content Tabs	CTM-001-close_other_content_tabs	command	Handle Content Tab	CTM	CTM-001	준비 완료	현재 Content Tab을 제외한 나머지 Content Tab을 모두 닫음	file_manager_window.sidebar.sidebar_body.content_tabs_area	entry_context_menu_root	-
Reorder Content Tab	CTM-001-reorder_content_tab	command	Handle Content Tab	CTM	CTM-001	준비 완료	해당 Content Tab의 순서를 재배치	file_manager_window.sidebar.sidebar_body.content_tabs_area	-	-
Move Content Tab to New File Manager Window	CTM-001-move_content_tab_to_new_file_manager_window	command	Handle Content Tab	CTM	CTM-001	준비 완료	해당 Contnet Tab을 새 File Manager Window로 분리해 별도 창으로 이동	file_manager_window.sidebar.sidebar_body.content_tabs_area	entry_context_menu_root	-
Move Content Tab to Another File Manager Window	CTM-001-move_content_tab_to_another_file_manager_window	command	Handle Content Tab	CTM	CTM-001	준비 완료	해당 Content Tab을 다른 File Manager로 배치	file_manager_window.sidebar.sidebar_body.content_tabs_area	-	-
Restrore Last Closed Tab	CTM-001-restrore_last_closed_tab	command	Handle Content Tab	CTM	CTM-001	준비 완료	가장 최근에 닫은 Content Tab을 복원	file_manager_window.sidebar	file_menu	⌘⇧T
Duplicate Content Tab	CTM-001-duplicate_content_tab	command	Handle Content Tab	CTM	CTM-001	준비 완료	해당 Content Tab을 동일한 상태의 Content Tab으로 복제해 추가	file_manager_window.sidebar.sidebar_body.content_tabs_area	file_menu	⌘D
Select Content Tabs	CTM-001-select_content_tabs	command	Handle Content Tab	CTM	CTM-001	준비 완료	Sidebar의 Content Tab List에서 하나 이상의 Content Tab을 선택	file_manager_window.sidebar.sidebar_body.content_tabs_area	-	-
Close Selected Content Tabs	CTM-001-close_selected_content_tabs	command	Handle Content Tab	CTM	CTM-001	준비 완료	선택한 Content Tab들을 닫음	file_manager_window.sidebar.sidebar_body.content_tabs_area	entry_context_menu_root	⌘W
Reorder Selected Content Tabs	CTM-001-reorder_selected_content_tabs	command	Handle Content Tab	CTM	CTM-001	준비 완료	선택한 Content Tab들의 순서를 재배치	file_manager_window.sidebar.sidebar_body.content_tabs_area	-	-
Move Selected Content Tabs to Another File Manager Window	CTM-001-move_selected_content_tabs_to_another_file_manager_window	command	Handle Content Tab	CTM	CTM-001	준비 완료	선택한 Content Tab들을 다른 File Manager로 일괄 이동	file_manager_window.sidebar.sidebar_body.content_tabs_area	-	-
Duplicate Selected Content Tabs	CTM-001-duplicate_selected_content_tabs	command	Handle Content Tab	CTM	CTM-001	준비 완료	선택한 Content Tab들을 각각 동일한 상태의 Content Tab으로 복제해 추가	file_manager_window.sidebar.sidebar_body.content_tabs_area	file_menu	⌘D
Set Current Content Tab to Previous	CTM-002-set_current_content_tab_to_previous	command	Set Current Content Tab	CTM	CTM-002	준비 완료	Content Tab List 상 현재 Content Tab보다 이전 위치의 Content Tab으로 전환	file_manager_window.sidebar.sidebar_body.content_tabs_area	-	⌘⇧[
Set Current Content Tab to Next	CTM-002-set_current_content_tab_to_next	command	Set Current Content Tab	CTM	CTM-002	준비 완료	Content Tab List 상 현재 Content Tab보다 다음 위치의 Content Tab으로 전환	file_manager_window.sidebar.sidebar_body.content_tabs_area	-	⌘⇧]
Set Current Content Tab by Index	CTM-002-set_current_content_tab_by_index	command	Set Current Content Tab	CTM	CTM-002	준비 완료	Content Tab List 상 위치한 번호와 일치하는 Content Tab으로 전환	file_manager_window.sidebar.sidebar_body.content_tabs_area	-	⌘1, ⌘2, ... , ⌘0
Set Currnet Content Tab to Last Used	CTM-002-set_currnet_content_tab_to_last_used	command	Set Current Content Tab	CTM	CTM-002	준비 완료	최근 Content Tab 전환 순서 기준 마지막으로 전환한 Content Tab으로 전환	file_manager_window.sidebar.sidebar_body.content_tabs_area	-	⌃⇥
Switch Content Tab via Used Content Tabs Switcher	CTM-004-switch_content_tab_via_used_content_tabs_switcher	command	Switch Content Tab with Used Content Tabs Switcher	CTM	CTM-004	준비 완료	Used Content Tabs Switcher 상 선택한 Content Tab으로 전환	file_manager_window.sidebar.sidebar_body.content_tabs_area	-	-
Move to Next Tab in Used Content Tabs Switcher	CTM-004-move_to_next_tab_in_used_content_tabs_switcher	command	Switch Content Tab with Used Content Tabs Switcher	CTM	CTM-004	준비 완료	Used Content Tabs Switcher에서 전환할 Content Tab 선택 포커스를 다음으로 이동	file_manager_window.sidebar.sidebar_body.content_tabs_area	-	⌃⇥
Move to Previous in Used Content Tabs Switcher	CTM-004-move_to_previous_in_used_content_tabs_switcher	command	Switch Content Tab with Used Content Tabs Switcher	CTM	CTM-004	준비 완료	Used Content Tabs Switcher에서 전환할 Content Tab 선택 포커스를 이전으로 이동	file_manager_window.sidebar.sidebar_body.content_tabs_area	-	⌃⇧⇥
Pin Content Tab(s)	CTM-003-pin_content_tab_s	command	Manage Pinned Content Tabs	CTM	CTM-003	준비 완료	선택한 Content Tab(들)을 Pin 상태로 전환하여 세션 종료 후에도 유지	file_manager_window.sidebar.sidebar_body.content_tabs_area	entry_context_menu_root	⌘P
Unpin Content Tab(s)	CTM-003-unpin_content_tab_s	command	Manage Pinned Content Tabs	CTM	CTM-003	준비 완료	선택한 Pin 상태의 Content Tab(들)을 일반 Content Tab으로 되돌림	file_manager_window.sidebar.sidebar_body.content_tabs_area	entry_context_menu_root	⌘P
Go to Anchored Path of Pinned Tab	CTM-003-go_to_anchored_path_of_pinned_tab	command	Manage Pinned Content Tabs	CTM	CTM-003	준비 완료	해당 Content Tab이 Pin되었을 당시 경로로 Page를 전환	file_manager_window.sidebar	-	-
Rename Content Tab	CTM-003-rename_content_tab	input	Manage Pinned Content Tabs	CTM	CTM-003	아이디어	해당 Content Tab의 이름을 수정	file_manager_window.sidebar.sidebar_body.content_tabs_area	-	-
Change Content Tab Icon	CTM-003-change_content_tab_icon	input	Manage Pinned Content Tabs	CTM	CTM-003	아이디어	해당 Content Tab의 아이콘을 변경		-	-
Open Settings Window	SET-001-open_settings_window	command	Control Settings Window	SET	SET-001	배포 완료	현재 사용 중인 데스크탑에서 Settings Window 창을 열음	settings_window	voyager_menu	⌘,
Close Settings Window	SET-001-close_settings_window	command	Control Settings Window	SET	SET-001	배포 완료	현재 보고 있는 Setting Window를 닫음	settings_window	-	⌘W
Swtich Setting Tabs	SET-001-swtich_setting_tabs	command	Control Settings Window	SET	SET-001	배포 완료	<<AI>> 세팅 탭 전환	settings_window.toolbar.tabs_area	-	-
Toggle Launch at Startup	SET-002-toggle_launch_at_startup	input	Configure General Settings	SET	SET-002	배포 완료	<<AI>> 앱을 OS 로그인 시 자동 실행하도록 켜거나 끕니다.	settings_window.settings_body.tab_general	-	-
Toggle Automatic Update & Install	SET-002-toggle_automatic_update_install	input	Configure General Settings	SET	SET-002	배포 완료	<<AI>> 자동 업데이트 확인/설치 기능을 켜거나 끕니다.	settings_window.settings_body.tab_general	-	-
Show Currnet Version Info	SET-002-show_currnet_version_info	display	Configure General Settings	SET	SET-002	배포 완료	<<AI>> General 탭 상단에 현재 앱 버전(예: v1.0.0)과 마지막 업데이트 날짜를 읽기 전용 라벨로 표시합니다.	settings_window.settings_body.tab_general	-	-
Check for Updates	SET-002-check_for_updates	command	Configure General Settings	SET	SET-002	배포 완료	<<AI>> “업데이트 확인” 버튼을 눌러 최신 버전 메타데이터를 조회하고, 결과에 따라 상태 배지(최신/업데이트 가능/실패)와 마지막 확인 시간을 표시합니다.	settings_window.settings_body.tab_general	voyager_menu	-
Toggle Alert Before App Quit	SET-002-toggle_alert_before_app_quit	input	Configure General Settings	SET	SET-002	배포 완료	<<AI>> 앱 종료 시 확인 대화를 표시할지 여부를 토글합니다.	settings_window.settings_body.tab_general	-	-
Confiure Initial Page	SET-002-confiure_initial_page	input	Configure General Settings	SET	SET-002	배포 완료	<<AI>> 앱 실행 시 처음 열리는 기본 페이지(홈, 디렉토리, 콜렉션 등)를 지정하여, 사용자가 가장 많이 사용하는 작업 맥락에서 바로 시작할 수 있게 설정한다.	settings_window.settings_body.tab_general	-	-
Set Voyager as Default File Manager	SET-002-set_voyager_as_default_file_manager	input	Configure General Settings	SET	SET-002	준비 완료	<<AI>> 파일 열기·탐색·폴더 실행 등 시스템 전역의 기본 파일 관리자 동작을 Finder 대신 Voyager로 처리하도록 설정한다.	settings_window.settings_body.tab_general	-	-
Request Full Disk Access Permission	SET-002-request_full_disk_access_permission	command	Configure General Settings	SET	SET-002	준비 완료	<<AI>> 설정(General)에서 Full Disk Access 권한의 현재 상태와 필요 사유를 안내하고, 사용자가 시스템 설정에서 권한을 부여할 수 있도록 이동 경로를 제공한다.	settings_window.settings_body.tab_general	-	-
Request Notifications Permission	SET-002-request_notifications_permission	command	Configure General Settings	SET	SET-002	아이디어	<<AI>> 설정(General)에서 Notifications 권한을 요청하고, 결과에 따라 권한 상태를 표시하며 필요 시 시스템 설정에서 변경할 수 있는 경로를 제공한다.	settings_window.settings_body.tab_general	-	-
Verify System Permission Status	SET-002-verify_system_permission_status	background	Configure General Settings	SET	SET-002	준비 완료	<<AI>> 설정(General)에서 Full Disk Access 및 Notifications 권한 상태를 재조회해 최신 상태로 갱신하고, 상태 배지/안내 문구를 업데이트한다.	settings_window.settings_body.tab_general	-	-
Verify Spotlight Indexing Status	SET-002-verify_spotlight_indexing_status	background	Configure General Settings	SET	SET-002	아이디어	<<AI>> 시스템의 Spotlight 인덱싱 활성화 여부를 확인하고, 비활성 시 검색 제한 안내 및 시스템 설정 이동 경로를 제공한다.	settings_window.settings_body.tab_general	-	-
Export User Settings Data	SET-002-export_user_settings_data	command	Configure General Settings	SET	SET-002	아이디어	<<AI>> 현재 사용자 설정(일반/외관/단축키 등)을 파일로 내보내 백업·이전할 수 있도록 함	settings_window.settings_body.tab_general	-	-
Import User Settings Data	SET-002-import_user_settings_data	command	Configure General Settings	SET	SET-002	아이디어	<<AI>> 내보낸 설정 파일을 가져와 사용자 설정을 복원한다	settings_window.settings_body.tab_general	-	-
Swtich Theme Mode	SET-003-swtich_theme_mode	input	Configure Appearance Settings	SET	SET-003	배포 완료	라이트/다크/자동 및 강조색, 폰트 사이즈 등을 편집합니다.	settings_window.settings_body.tab_appearance	-	-
Adjust Text Size	SET-003-adjust_text_size	input	Configure Appearance Settings	SET	SET-003	배포 완료	Entries View의 텍스트 크기 설정을 변경하고, 열려 있는 창의 뷰에 즉시 반영	settings_window.settings_body.tab_appearance	-	-
Adjust Icon Size	SET-003-adjust_icon_size	input	Configure Appearance Settings	SET	SET-003	배포 완료	Entries View의 아이콘 크기 설정을 변경하고, 열려 있는 창의 뷰에 즉시 반영	settings_window.settings_body.tab_appearance	-	-
Cutstomize Keyboard Shortcuts	SET-005-cutstomize_keyboard_shortcuts	input	Customize Keyboard Shortcut	SET	SET-005	기획 완료	<<AI>> 주요 명령의 단축키를 사용자 지정으로 재매핑합니다. 충돌/중복을 검출해 해결 안내.	settings_window.settings_body.tab_shortcuts	-	-
Highlight Keyboard Shortcut Conflicts	SET-005-highlight_keyboard_shortcut_conflicts	display	Customize Keyboard Shortcut	SET	SET-005	기획 완료	<<AI>> 단축키 충돌 표시	settings_window.settings_body.tab_shortcuts	-	-
Restore Default Keyboard Shortcuts	SET-005-restore_default_keyboard_shortcuts	command	Customize Keyboard Shortcut	SET	SET-005	기획 완료	<<AI>> 기본값으로 되돌리기	settings_window.settings_body.tab_shortcuts	-	-
Show AI Provider List	SET-007-show_ai_provider_list	display	Manage AI Connections	SET	SET-007	기획 완료	현재 빌드에서 지원되는 프로바이더 카탈로그를 표시하고, 각 프로바이더 항목에 연결 상태, 지원 연결 방식, 기본 동작(연결/연결 해제)을 함께 보여준다.	settings_window.settings_body.tab_ai.provider_list_area	-	-
Connect AI Provider	SET-007-connect_ai_provider	command	Manage AI Connections	SET	SET-007	기획 완료	프로바이더 카탈로그 항목에서 연결 또는 다시 연결을 시작해 해당 프로바이더의 지원 연결 방식에 맞는 연결 흐름으로 진입한다.	settings_window.settings_body.tab_ai.provider_list_area	-	-
Disconnect AI Provider	SET-007-disconnect_ai_provider	command	Manage AI Connections	SET	SET-007	기획 완료	프로바이더 카탈로그에서 해당 프로바이더 연결을 해제하고 이후 요청에서 해당 프로바이더 인증 정보가 사용되지 않도록 상태를 갱신한다.	settings_window.settings_body.tab_ai.provider_list_area	-	-
Restore AI Provider Connection Status	SET-007-restore_ai_provider_connection_status	background	Manage AI Connections	SET	SET-007	기획 완료	앱 재실행 또는 설정 진입 시 저장된 프로바이더 연결 상태를 복원·재확인해 프로바이더 카탈로그 항목의 상태와 동작을 갱신한다.	settings_window.settings_body.tab_ai.provider_list_area	-	-
Start Onboarding Session	ONB-001-start_onboarding_session	background	Run User Onboarding	ONB	ONB-001	배포 완료	앱 실행 직후 온보딩 진입 필요 여부를 판정하고, 필요 시 온보딩 세션을 생성·초기화하며 재개 정책을 적용	onboarding_window	-	-
Show Onboarding Step	ONB-001-show_onboarding_step	display	Run User Onboarding	ONB	ONB-001	배포 완료	현재 스텝의 안내, 입력 UI, 진행률을 표시	onboarding_window	-	-
Update Onboarding Step State	ONB-001-update_onboarding_step_state	background	Run User Onboarding	ONB	ONB-001	배포 완료	사용자가 스텝 내 입력을 변경하면 진행 상태에 반영하고, 상태를 저장해 재개 가능 상태를 유지	onboarding_window	-	-
Advance Onboarding Step	ONB-001-advance_onboarding_step	input	Run User Onboarding	ONB	ONB-001	배포 완료	현재 스텝의 완료 조건(FDA, Launch at Login 등)을 검증하고, 다음 스텝으로 이동	onboarding_window	-	-
Go Back Onboarding Step	ONB-001-go_back_onboarding_step	input	Run User Onboarding	ONB	ONB-001	배포 완료	이전 스텝으로 이동하고, 입력값을 복원	onboarding_window	-	-
Resume Onboarding Session	ONB-001-resume_onboarding_session	background	Run User Onboarding	ONB	ONB-001	배포 완료	미완료 온보딩이 존재할 경우 마지막 유효 스텝에서 재개	onboarding_window	-	-
Complete Onboarding Session	ONB-001-complete_onboarding_session	background	Run User Onboarding	ONB	ONB-001	배포 완료	온보딩을 완료 처리하고 파일 관리자 창을 실행	onboarding_window	-	-
Open Command Palette	CMP-001-open_command_palette	command	Invoke Commands	CMP	CMP-001	드래프트	<<AI>> 전역 단축키 또는 메뉴에서 커맨드 팔레트를 열고, 검색 입력 필드에 포커스를 이동합니다.	-	TBD	TBD
Close Command Palette	CMP-001-close_command_palette	command	Invoke Commands	CMP	CMP-001	드래프트	<<AI>> Esc 등 단축키로 커맨드 팔레트를 닫고, 팔레트 열기 전 포커스가 있던 UI로 되돌립니다.	-	TBD	TBD
Execute Selected Command	CMP-001-execute_selected_command	command	Invoke Commands	CMP	CMP-001	드래프트	<<AI>> 커맨드 팔레트에서 현재 선택된 명령을 실행하고, 해당 명령이 속한 FEATURE의 실제 인터랙션을 호출합니다.	-	TBD	TBD
Execute Last Command Again	CMP-001-execute_last_command_again	command	Invoke Commands	CMP	CMP-001	드래프트	<<AI>> 직전에 커맨드 팔레트에서 실행한 명령을 동일한 컨텍스트로 한 번 더 실행합니다.	-	TBD	TBD
Show Available Commands	CMP-002-show_available_commands	display	Browse Commands	CMP	CMP-002	드래프트	<<AI>> 수집된 명령들을 커맨드 팔레트 리스트로 표시하고, 키보드로 위·아래 탐색할 수 있게 합니다.	-	TBD	TBD
Search Commands by Query	CMP-002-search_commands_by_query	input	Browse Commands	CMP	CMP-002	드래프트	<<AI>> 사용자가 팔레트 검색 입력란에 입력한 키워드·별칭을 기준으로 명령 목록을 필터링합니다.	-	TBD	TBD
Show Contextual Command Suggestions	CMP-002-show_contextual_command_suggestions	display	Browse Commands	CMP	CMP-002	드래프트	<<AI>> 현재 페이지·선택된 엔트리·최근 사용 기록을 기반으로 컨텍스트에 적합한 명령을 추천 영역에 노출합니다.	-	TBD	TBD
Update Command Ranking by Usage	CMP-002-update_command_ranking_by_usage	background	Browse Commands	CMP	CMP-002	드래프트	<<AI>> 명령 실행 이력을 기록하고, 사용 빈도·컨텍스트 적합도에 따라 검색·추천 시 정렬 우선순위를 조정합니다.	-	TBD	TBD
<<AI>> Focus Navigation Input Field	CMP-003-focus_navigation_input_field	command	Navigate Workspace	CMP	CMP-003	드래프트	<<AI>> 커맨드 팔레트에서 네비게이션용 입력 필드에 포커스를 이동하고, 기존 텍스트를 선택하거나 커서 위치를 설정합니다.	-	TBD	TBD
<<AI>> Search Navigation Targets from Input	CMP-003-search_navigation_targets_from_input	background	Navigate Workspace	CMP	CMP-003	드래프트	<<AI>> 입력된 텍스트를 기준으로 디렉토리 경로, 콜렉션 타이틀, 채팅 타이틀 등 워크스페이스 내 네비게이션 후보를 검색합니다.	-	TBD	TBD
<<AI>> Show Navigation Results in Palette	CMP-003-show_navigation_results_in_palette	display	Navigate Workspace	CMP	CMP-003	드래프트	<<AI>> 검색된 네비게이션 후보를 타입별 그룹(디렉토리, 콜렉션, 채팅 등)으로 나누어 커맨드 팔레트 리스트에 표시합니다.	-	TBD	TBD
<<AI>> Complete Path in Navigation Input	CMP-003-complete_path_in_navigation_input	background	Navigate Workspace	CMP	CMP-003	드래프트	<<AI>> 사용자가 입력한 문자열을 기준으로 현재 위치 또는 루트에서 일치하는 디렉토리/파일 이름을 찾아 경로 자동 완성 후보를 제공합니다.	-	TBD	TBD
<<AI>> Open Directory from Path Input	CMP-003-open_directory_from_path_input	command	Navigate Workspace	CMP	CMP-003	드래프트	<<AI>> 커맨드 팔레트 입력값을 디렉토리 경로로 검증해 유효한 경우, 해당 디렉토리를 현재 탭 또는 새 탭에서 여는 네비게이션 인터랙션을 호출합니다.	-	TBD	TBD
<<AI>> Open Collection from Collection Title	CMP-003-open_collection_from_collection_title	command	Navigate Workspace	CMP	CMP-003	드래프트	<<AI>> 커맨드 팔레트에서 선택된 항목 또는 입력값을 콜렉션 타이틀로 해석해, 해당 콜렉션 페이지를 현재 탭 또는 새 탭에서 여는 네비게이션 인터랙션을 호출합니다.	-	TBD	TBD
<<AI>> Open Chat from Chat Title	CMP-003-open_chat_from_chat_title	command	Navigate Workspace	CMP	CMP-003	드래프트	<<AI>> 커맨드 팔레트에서 선택된 항목 또는 입력값을 채팅 세션 타이틀로 해석해, 해당 채팅 세션으로 이동하는 네비게이션 인터랙션을 호출합니다.	-	TBD	TBD
<<AI>> Pin Command as Favorite	CMP-004-pin_command_as_favorite	command	Configure Command Palette	CMP	CMP-004	아이디어	<<AI>> 커맨드 팔레트에서 선택한 명령을 “즐겨찾기” 섹션에 고정해 항상 상단에 노출되도록 설정합니다.	-	TBD	TBD
<<AI>> Unpin Command from Favorites	CMP-004-unpin_command_from_favorites	command	Configure Command Palette	CMP	CMP-004	아이디어	<<AI>> 즐겨찾기에 고정된 명령을 해제해 일반 명령 목록으로 되돌립니다.	-	TBD	TBD
<<AI>> Change Command Palette Shortcut	CMP-004-change_command_palette_shortcut	command	Configure Command Palette	CMP	CMP-004	아이디어	<<AI>> 커맨드 팔레트를 호출하는 전역 단축키를 사용자가 지정한 키 조합으로 변경합니다.	-	TBD	TBD
<<AI>> Toggle Palette Availability Scope	CMP-004-toggle_palette_availability_scope	command	Configure Command Palette	CMP	CMP-004	아이디어	<<AI>> 커맨드 팔레트가 동작할 앱·윈도우·상태 범위를 설정하거나 토글합니다(예: Voyager 포그라운드일 때만 활성화).	-	TBD	TBD
<<AI>> Toggle Experimental Commands Visibility	CMP-004-toggle_experimental_commands_visibility	command	Configure Command Palette	CMP	CMP-004	아이디어	<<AI>> 실험적/베타 명령의 커맨드 팔레트 노출 여부를 on/off 합니다.	-	TBD	TBD
<<AI>> Reset Command Palette Settings	CMP-004-reset_command_palette_settings	command	Configure Command Palette	CMP	CMP-004	아이디어	<<AI>> 커맨드 팔레트 관련 사용자 설정을 모두 초기화하고 기본값으로 되돌립니다.	-	TBD	TBD
Parse Natural-Language Command	CMP-005-parse_natural_language_command	background	Process Natural-Language Commands	CMP	CMP-005	아이디어	<<AI>> 커맨드 팔레트 입력란에 입력된 자연어 문장을 명령·대상·옵션 후보 구조로 파싱합니다.	-	TBD	TBD
Match Parsed Command to Existing Actions	CMP-005-match_parsed_command_to_existing_actions	background	Process Natural-Language Commands	CMP	CMP-005	아이디어	<<AI>> 파싱된 자연어 구조를 기반으로 기존 FEATURE의 인터랙션들 중 가장 적합한 명령 조합을 찾습니다.	-	TBD	TBD
Build Command Arguments from Text	CMP-005-build_command_arguments_from_text	background	Process Natural-Language Commands	CMP	CMP-005	아이디어	<<AI>> 자연어에서 기간·경로·형식 등 파라미터를 추출해 대상 인터랙션 실행에 필요한 인자를 구성합니다.	-	TBD	TBD
Route Unmatched Request to Chat	CMP-005-route_unmatched_request_to_chat	background	Process Natural-Language Commands	CMP	CMP-005	아이디어	<<AI>> 적절한 명령 조합을 찾지 못한 자연어 요청을 새로운 채팅 세션으로 넘기고 초기 메시지를 구성합니다.	-	TBD	TBD
Quick Look Directory Entries	MFB-001-quick_look_directory_entries	display	Enhance Quick Look Preview	MFB	MFB-001	드래프트	<<AI>> 디렉토리 선택 시 내부 엔트리의 썸네일/리스트를 빠르게 미리보기로 표시합니다.	-	TBD	TBD
Quick Look Archive Entries	MFB-001-quick_look_archive_entries	display	Enhance Quick Look Preview	MFB	MFB-001	드래프트	<<AI>> 아카이브(예: zip) 내부 파일 구조를 미리보기로 표시합니다.	-	TBD	TBD
Hightlght Code Syntax in Quick Look	MFB-001-hightlght_code_syntax_in_quick_look	display	Enhance Quick Look Preview	MFB	MFB-001	드래프트	<<AI>> 코드 파일 미리보기에서 언어 감지 후 문법 하이라이트를 적용합니다.	-	TBD	TBD
Format Structued File Privew in Quick Look	MFB-001-format_structued_file_privew_in_quick_look	display	Enhance Quick Look Preview	MFB	MFB-001	드래프트	<<AI>> JSON/CSV/Markdown 등 구조화 파일을 포맷하여 가독성 있는 테이블/트리/렌더링으로 표시합니다.	-	TBD	TBD
